Model,Val Acc,Val F1,Real Acc,Real F1,Real Prec,Real Rec,CV F1 Mean,CV F1 Std
SVM,0.72,0.7199567275185936,0.3488372093023256,0.20956407933152116,0.25428898208158596,0.3488372093023256,0.7493652303119716,0.030288435422653713
Logistic Regression,0.695,0.696085862244761,0.34108527131782945,0.20892908412288258,0.34938176692933565,0.34108527131782945,0.6998510226270805,0.045933291160629344
XGBoost,0.73,0.7295851144432893,0.3488372093023256,0.1980032159742722,0.3919306598303119,0.3488372093023256,0.767682995656523,0.03326225721083343
Random Forest,0.72,0.7204067650427869,0.34108527131782945,0.18331533347733217,0.2523957761093817,0.34108527131782945,0.7459867207647565,0.05088047260903984
